{
    "loss": 3.3290207386016846,
    "accuracy": 0.7936508059501648
}